iter	Logloss
0	0.6909752087
1	0.6888156438
2	0.6868974265
3	0.6847695876
4	0.6825420566
5	0.6800476378
6	0.6780622366
