iter	Logloss
0	0.6890576457
1	0.6848846155
2	0.6816815191
3	0.6781617231
4	0.6742184543
5	0.6709181197
6	0.6678148619
